,Accuracy,Demographic Parity,Equalized Odds,Predictive Parity
Accuracy,1.0,0.0,0.0,-0.6666666666666669
Demographic Parity,0.0,1.0,1.0,0.3333333333333334
Equalized Odds,0.0,1.0,1.0,0.3333333333333334
Predictive Parity,-0.6666666666666669,0.3333333333333334,0.3333333333333334,1.0
