,Accuracy,Demographic Parity,Equalized Odds,Predictive Parity
Accuracy,1.0,0.4285714285714286,0.23809523809523814,0.14285714285714288
Demographic Parity,0.4285714285714286,1.0,0.8095238095238096,0.33333333333333337
Equalized Odds,0.23809523809523814,0.8095238095238096,1.0,0.14285714285714288
Predictive Parity,0.14285714285714288,0.33333333333333337,0.14285714285714288,1.0
