Dataset,Model,Accuracy,Demographic Parity,Equalized Odds,Predictive Parity
adult,LogisticRegression,0.8543176513941776,0.0,0.0,0.0
adult,RandomForest,0.856651517012652,0.0,0.0,0.0
compas,LogisticRegression,0.9822616407982262,0.11606732725244434,0.035326086956521736,0.05579399141630903
compas,RandomForest,0.9739467849223947,0.1326902465166131,0.05627705627705628,0.07949790794979084
german,LogisticRegression,0.724,0.10359582613917873,0.10881801125703561,0.03360418675113619
german,RandomForest,0.756,0.11230388109000822,0.18,0.016783216783216814
